0,118.77710217041,136.282794218493,167.928556237467
1e-10,118.198984767214,134.77017474204,167.80643611018
2e-10,118.498945142984,135.59129765586,168.080337933977
3e-10,117.226276917763,134.874015288342,167.412663798173
4e-10,117.545735779738,135.288580449349,168.205231785459
5e-10,116.674761623926,135.085158326146,167.370845728878
6e-10,116.764720699362,134.279559129452,166.817265293494
7e-10,116.348614087148,134.018655417819,167.472385783448
8e-10,115.982757339184,134.729358344794,166.189650700638
9e-10,114.760620423558,134.287006072814,167.13766780711
1e-09,116.614750353461,134.182711255959,165.9668641627
1.1e-09,115.481600266016,133.7348122218,165.779974665217
1.2e-09,115.182463943085,133.461604965623,166.306945134591
1.3e-09,114.205954310623,133.341666406266,165.487159622733
1.4e-09,114.424647694454,133.011277717342,165.42369842317
1.5e-09,114.004385880544,132.725280184296,166.168589089515
1.6e-09,115.173781738727,132.774244490413,166.231765917348
1.7e-09,114.122740941497,132.423562857975,165.3753306875
1.8e-09,114.184061935105,131.529464379659,165.493202277314
1.9e-09,113.780490419052,132.58582126306,164.350235777135
2e-09,113.039815994189,131.003816738292,165.478095227133
2.1e-09,114.057003292213,131.65864954495,165.124195683128
2.2e-09,114.048235409409,131.62826444195,165.027270473701
2.3e-09,113.701363228415,130.441557795052,164.051821081023
2.4e-09,112.352125035533,131.141145335856,163.731487503168
2.5e-09,112.307613277106,131,163.428883616085
2.6e-09,111.883868363585,131.160207380135,164.261985864046
2.7e-09,112.356575241505,130.640728718115,164.261985864046
2.8e-09,113.039815994189,130.510535973154,164.109719395287
2.9e-09,112.298708808249,131.37731919932,163.456416209337
3e-09,111.772089539384,131.16783142219,162.993864915217
3.1e-09,112.396619166236,129.645670965135,162.93250136176
3.2e-09,111.713920350152,129.541499142167,162.803562614582
3.3e-09,111.552678139075,129.996153789256,162.889533119842
3.4e-09,110.435501538228,129.36769303037,162.188162330054
3.5e-09,111.130553854464,129.587808068506,162.742127305747
3.6e-09,111.337325277734,128.522371593431,162.689889052762
3.7e-09,110.751975151687,129.34450123604,163.251339963873
3.8e-09,111.022520238013,128.965111561228,161.483745312028
3.9e-09,110.882821031934,129.363828020046,162.403817689117
4e-09,110.990990625366,129.703508048163,162.339151162004
4.1e-09,109.972723890972,128.175660716066,161.486841569213
4.2e-09,110.063617967065,129.16655913974,161.864140562386
4.3e-09,110.281458096998,128.86426967938,161.774534460774
4.4e-09,108.972473588517,128.658462605458,161.211041805454
4.5e-09,110.004545360635,127.914033631967,160.760691712869
4.6e-09,109.137527917761,128.199063959141,161.201736963347
4.7e-09,109.402925006601,128.354976529934,161.996913550845
4.8e-09,109.571894206498,128.868149672446,162
4.9e-09,109.320629343231,127.448028623435,161.709616287962
5e-09,108.876076343704,127.027556065603,160.284122732103
5.1e-09,108.152669869957,128.464002740067,161.285461217061
5.2e-09,108.972473588517,126.439708952528,160.390149323454
5.3e-09,109.009173925867,127.792801049198,160.956515866864
5.4e-09,108.101803870241,127.882758806651,160.04374402019
5.5e-09,108.032402546643,127.910124696992,160.124951209985
5.6e-09,107.986110217935,127.542149895633,160.012499511757
5.7e-09,108.078675047393,125.773606134197,160.75758146974
5.8e-09,108,126.202218680972,159.818647222406
5.9e-09,108.055541273921,126.735945966407,160.617558193368
6e-09,108.305124532498,126.091236808908,159.731023912075
6.1e-09,107.163426596951,126.313103041608,160.564628732483
6.2e-09,107.429046351534,125.618469979538,159.665274872152
6.3e-09,107.34057946555,127.074781133001,159.471000498523
6.4e-09,106.57391800999,125.518922876194,160.121828618087
6.5e-09,107.172757732551,127.043299705258,159.511755052723
6.6e-09,107.466273779265,124.486947106916,159.417690360888
6.7e-09,106.995327000762,125.904725884297,158.637952583863
6.8e-09,106.334378260279,126.530628703093,158.587515271537
6.9e-09,107.69865365918,125.419296760905,158.971695593901
7e-09,106.306161627631,125.283678106927,159.11002482559
7.1e-09,106.831643252362,125,158.924510381502
7.2e-09,106.845683113545,124.446775771813,158.959114240109
7.3e-09,106.056588668503,125.343527954179,158.451885441607
7.4e-09,106.099010362962,125.546804021449,159.069167345529
7.5e-09,105.853672586264,124.967995902951,157.927198417499
7.6e-09,105.744976240009,125.283678106927,159.248233899155
7.7e-09,106.310864919819,124.149103903331,158.268758761797
7.8e-09,105.81115253129,124.803846094582,158.357191184992
7.9e-09,105.853672586264,123.769947887199,158.738779130999
8e-09,106.136704301575,124.494979818465,157.467456955398
8.1e-09,106.014149998951,125.415310070182,157.470632182639
8.2e-09,105.290075505719,123.866864011325,157.375347497631
8.3e-09,104.494018967594,123.91125856838,158.445574251855
8.4e-09,104.163333279998,123.247718031613,157.499206347207
8.5e-09,105.157025442906,123.822453537313,157.232312200769
8.6e-09,105.052367893351,123.93143265532,156.709923106356
8.7e-09,105.080921198855,122.951209835447,157.480157480236
8.8e-09,104.431795924421,123.308556069723,157.524601253265
8.9e-09,104.551422754547,123.231489482194,157.178242769157
9e-09,104.187331283607,123.947569560682,156.316985641356
9.1e-09,104.35037134577,123.389626792531,155.611696218504
9.2e-09,104.732993846256,123.47064428438,156.543923548632
9.3e-09,104.201727432898,123.397730935378,157.124154731219
9.4e-09,103.648444271972,123.68104139277,156.326581233007
9.5e-09,104.225716596241,122.804723036209,157.260929667861
9.6e-09,104.264087777144,123.170613378354,157.073231328575
9.7e-09,103.696673042099,122.118794622286,156.987260629645
9.8e-09,103.537432844358,121.655250605964,156.521564009564
9.9e-09,102.649890404228,122.482651832821,155.762639936539
1e-08,103.711137299713,122.902400302028,155.862118553547
1.01e-08,103.715958270654,122.266103233889,156.2241978696
1.02e-08,102.961157724649,122.82100797502,156.172981017844
1.03e-08,103.184301131519,122.008196445977,154.964512066473
1.04e-08,103.619496235023,121.844162765395,154.828937863695
1.05e-08,103.614670775909,121.72920767014,155.457389660318
1.06e-08,103.735239913927,121.445461010282,155.090296279297
1.07e-08,103.252118622331,122.053267059919,154.728794993046
1.08e-08,102.791050194071,121.89749792346,154.777259311567
1.09e-08,102.834819006016,121.264174429219,155.846077910225
1.1e-08,102.562176263962,121.77027551911,155.7562197795
1.11e-08,101.523396318287,121.511316345433,155.855702494326
1.12e-08,102.888288935136,121.852369693823,154.593014072435
1.13e-08,102.756994895725,121.950809755409,154.457113788909
1.14e-08,102.820231472216,120.884242149256,154.909651087335
1.15e-08,102.810505299799,120.486513768139,154.602716664359
1.16e-08,103.111590037202,121.268297588446,154.783720074173
1.17e-08,102.376755174209,119.920807202086,154.243314279744
1.18e-08,102.058806577385,120.780793175074,154.473298663555
1.19e-08,102.097992144802,121.251804110289,154.806330619907
1.2e-08,102.72292830717,121.033053336682,154.223863263763
1.21e-08,102.068604379603,120.540449642433,154.188196694818
1.22e-08,101.730034896288,119.958326097024,154.609184720702
1.23e-08,101.370607179793,121.297155778691,154.376163963223
1.24e-08,101.808644033795,119.983332175765,153.697755351209
1.25e-08,102.039208150593,120.353645561736,153.319926950152
1.26e-08,101.641526946421,119.184730565622,154.408548986123
1.27e-08,101.257098516598,119.812353286295,154.324333790883
1.28e-08,101.454423264834,120.528005044471,154.081147451594
1.29e-08,101.946064171208,120.228948261224,154.07141201404
1.3e-08,102.254584249314,120.095795097081,153.538268845262
1.31e-08,101.946064171208,120.249740124459,153.577342078837
1.32e-08,101.548018198289,120.353645561736,153.704261489394
1.33e-08,101.326205889691,120.374415886433,154.463587942272
1.34e-08,100.642933184601,119.293755075444,153.434024909731
1.35e-08,100.4340579684,120.004166594331,153.280788098183
1.36e-08,100.404183179786,120.158229014912,153.437283604735
1.37e-08,100.119928086271,120.129097224611,153.606640481458
1.38e-08,100.717426496113,119.193120606854,152.558185621093
1.39e-08,100.463923873199,119.883276565166,152.568017618372
1.4e-08,99.5991967839099,119.276988560242,153.006535808115
1.41e-08,101.252160470777,118.911731969558,152.836513961815
1.42e-08,99.0050503762308,118.94116192471,152.610615620277
1.43e-08,99.8699153899712,119.230868486311,153.473124683118
1.44e-08,100.169855745129,119.172144396247,152.088789856452
1.45e-08,101.202766760598,118.431414751323,153.19921670818
1.46e-08,100.294566153905,119.008403064658,152.875766555723
1.47e-08,99.1110488290786,118.785521003193,153.59687496821
1.48e-08,99.4082491546854,118.520040499487,151.865071691946
1.49e-08,99.9049548320803,119.636950813701,152
1.5e-08,100.786903911173,118.477846030387,152.865954352171
1.51e-08,99.7997995989972,118.507383736204,151.069520420236
1.52e-08,98.7623410010111,119.544970617755,151.957230824992
1.53e-08,99.6343314324937,117.940663047144,152.85614151875
1.54e-08,99.1463564635635,118.321595661992,151.363800163712
1.55e-08,99.8298552538268,117.217746096741,151.370406618995
1.56e-08,99.2723526466458,118.300464918782,150.555637556353
1.57e-08,99.1866926558195,118.325821357808,151.812384211566
1.58e-08,99.4082491546854,118.220133649053,151.786033613109
1.59e-08,99.6644369873226,118.368070018903,151.436455320375
1.6e-08,99.0201999594022,117.80067911519,151.410039297267
1.61e-08,98.2496819333274,117.473401244707,152.095364820891
1.62e-08,99.4585340732508,117.464888370951,151.825557795781
1.63e-08,98.9191589127202,117.80067911519,151.677289005309
1.64e-08,99.569071503153,118.300464918782,151.79262169157
1.65e-08,98.9494820602918,117.196416327463,151.753088930671
1.66e-08,99.4685880064656,117.554242798803,150.960259671213
1.67e-08,98.3259884262548,118.27087553578,151.739909054935
1.68e-08,98.8888264668967,117.792189893897,151.320851173921
1.69e-08,98.2242332624694,117.762472800124,150.814455540575
1.7e-08,98.1529418815351,116.90594510118,150.794562236176
1.71e-08,98.1580358401695,116.683332143027,151.13570061372
1.72e-08,97.7905925945845,117.957619508025,149.773161814792
1.73e-08,98.264947972306,116.820374935197,151.314242555022
1.74e-08,98.8989383158384,117.243336697656,149.986666074021
1.75e-08,98.1019877474458,117.226276917763,150.143264917212
1.76e-08,97.2111104761179,116.073252732919,150.771350063598
1.77e-08,97.6626847879987,117.264657932388,150.442680114388
1.78e-08,98.4123975929862,117.051270817535,150.675147253952
1.79e-08,98.1631295344642,116.275534829989,151.139008862702
1.8e-08,98.4784240328814,117.217746096741,149.087222792565
1.81e-08,97.7394495585073,116.2454300177,150.289720207338
1.82e-08,96.9690672328037,116.219619686179,150.16990377569
1.83e-08,97.5038460779881,116.219619686179,149.833240637717
1.84e-08,97.1596624119289,116.503218839653,150.326311735504
1.85e-08,97.4371592360943,116.068945028375,150.179892129406
1.86e-08,97,115.112987972687,149.693019209314
1.87e-08,98.0051019080129,116.948706705119,149.889959637062
1.88e-08,97.2316820794539,115.723809131915,150.183221433022
1.89e-08,97.2676719162127,115.663304466023,148.885862324131
1.9e-08,97.4935895328508,115.273587607916,149.110697134713
1.91e-08,96.4053940399602,115.788600475176,149.194503920218
1.92e-08,97.1802449060507,115.217186218029,149.103990556926
1.93e-08,96.8090904822476,116.554708184612,148.222805262888
1.94e-08,96.7005687677172,115.689238911837,148.98322053171
1.95e-08,96.8297474952816,115.646011604378,148.596769816844
1.96e-08,96.4209520799292,116.030168490785,149.388754596857
1.97e-08,96.1873172512884,115.008695323441,148.717853669289
1.98e-08,96.4727940924279,114.939114317103,148.650597038828
1.99e-08,96.4002074686564,115.91807451817,147.952695142738
2e-08,97.4782026916787,115.516232625549,148.354305633507
2.01e-08,96.8194195396771,115.801554393713,148.788440411209
2.02e-08,97.1287804927046,115.550854605234,149.077161228674
2.03e-08,96.6953980290686,115.373307138176,148.583309964478
2.04e-08,96.3016095400279,115.723809131915,148.620321625274
2.05e-08,95.2942810456115,115.221525766673,148.303742366806
2.06e-08,95.7235603182414,114.973910083984,149.833240637717
2.07e-08,96.571217244063,114.328474143583,148.734663074886
2.08e-08,95.2260468569393,115.433963806152,148.667414048943
2.09e-08,96.9845348496347,114.690888914508,147.949315645595
2.1e-08,96.0052081920559,115.34296684237,148.047289742163
2.11e-08,96.6591951135535,114.834663756202,148.307113787573
2.12e-08,95.7444515363684,114.634200830293,147.485592516693
2.13e-08,95.4829827770373,114.647285183732,147.695632975386
2.14e-08,95.8749185136551,114.214710085873,149.1341677819
2.15e-08,95.4829827770373,114.315353299546,147.881709484304
2.16e-08,95.0578771065292,114.895604789739,148.458748479165
2.17e-08,96.2236977048793,114.943464364008,148.13844875656
2.18e-08,96.2652585307908,114.324100696222,148.00337833982
2.19e-08,95.4777460982401,114.599301917595,147.692247596142
2.2e-08,94.8736001214247,114.590575528706,147.397421958459
2.21e-08,96.1457227337753,114.494541354599,147.573710395856
2.22e-08,95.9218431849597,114.629839047257,147.468640734225
2.23e-08,94.7575854483429,114.682169494652,147.732867026942
2.24e-08,94.7628619238571,113.732141455263,146.454771175268
2.25e-08,95.1209756047529,112.973448207975,147.377067415524
2.26e-08,95.4934552731233,114.812891262262,146.897923742986
2.27e-08,95.0105257326787,113.683771928979,148.16544806398
2.28e-08,94.4404574321832,113.767306375777,147.054411698527
2.29e-08,95.2942810456115,113.269589917153,146.451357112182
2.3e-08,94.1116358374457,113.828818846547,146.266879367819
2.31e-08,95.0420959364849,113.401940018679,146.894519979474
2.32e-08,94.7364766074821,113.128245809789,147.451687002896
2.33e-08,94.4722181384559,113.859562619922,147.472031246606
2.34e-08,95.3519795284817,114.214710085873,146.901327427631
2.35e-08,95.7914401186244,113.855171160558,146.365979653743
2.36e-08,94.4880944881417,113.885907820063,147.302410027806
2.37e-08,94.451045520947,113.013273556693,146.686741050444
2.38e-08,94.2549733435854,113.670576667843,146.348898185125
2.39e-08,94.4404574321832,112.87160847618,146.618552714177
2.4e-08,95.1472542956443,113.494493258484,146.1129699924
2.41e-08,94.0744386111339,112.409963971171,146.48890742988
2.42e-08,94.2655822662757,113.423983354492,147.299015611103
2.43e-08,95.1314879522022,112.556652402246,146.283970413713
2.44e-08,93.7816613203242,112.867178577299,146.037666374124
2.45e-08,94.1966029111454,112.587743560301,146.089013960667
2.46e-08,93.5040106091712,112.507777508935,145.890369798695
2.47e-08,94.339811320566,112.116011345392,145.134420452214
2.48e-08,93.8616002420585,112.800709217629,145.835523793073
2.49e-08,94.6889645101265,113.542943417898,145.01724035438
2.5e-08,92.7954740275624,112.445542374965,145.777227302484
2.51e-08,93.4986630920464,112.062482571109,145.62966730718
2.52e-08,93.7336652436039,112.543324990867,146.656060222549
2.53e-08,93.2416216075203,111.624370099007,145.595329595423
2.54e-08,93.1450481775601,113.185688141213,145.622800412573
2.55e-08,93.4237657130133,112.374374303041,145.653698888837
2.56e-08,93.4023554306849,111.776562838549,145.554113648498
2.57e-08,92.887028157865,111.642285895623,146.635602770951
2.58e-08,93.1665175908169,112.534439173082,145.464772367745
2.59e-08,93.4879671401619,111.498878918131,145.804663848589
2.6e-08,93.305948363435,112.080328336421,145.32721699668
2.61e-08,93.4986630920464,111.332834330219,145.340978392193
2.62e-08,93.5200513259055,111.458512460915,145.096519599886
2.63e-08,93.5360892917809,112.481109525111,144.786049051696
2.64e-08,92.3092628071528,112.805141726785,144.031246609894
2.65e-08,93.3166651783056,111.924081412357,145.082735016955
2.66e-08,92.4770241735751,112.303161130932,144.931018074117
2.67e-08,92.6984358012583,113.256346400544,145.106857177736
2.68e-08,93.1343116150004,113,143.867995051019
2.69e-08,94.1488183675186,112.436648829463,143.986110441251
2.7e-08,93.3916484488843,111.198021565134,144.824031155054
2.71e-08,93.1128347758782,111.292407647602,144.879260075416
2.72e-08,92.4553946506098,111.687062813918,145.402888554526
2.73e-08,92.7200086281273,111.211510195663,145.099965541002
2.74e-08,92.9031754032121,111.897274318904,144.582156575423
2.75e-08,93.0215028904608,111.892805845595,145.110302873366
2.76e-08,92.887028157865,111.278928823026,144.301767140947
2.77e-08,92.660671268883,111.937482551646,144.810220633766
2.78e-08,92.5364792933036,110.62097450303,144.955165482297
2.79e-08,92.255081160877,110.353975913875,145.220521965733
2.8e-08,92.3742388331292,110.118118400198,144.761873433581
2.81e-08,91.6951470907812,110.462663375459,144.208182846883
2.82e-08,91.9673855233473,110.927904514599,144.107598689313
2.83e-08,92.3525852372309,111.022520238013,144.471450466866
2.84e-08,91.8204770190179,110.702303499069,143.895795630032
2.85e-08,92.6120942425988,111.265448365609,144.526814121117
2.86e-08,91.8095855561934,110.435501538228,143.777606044891
2.87e-08,91.9130023446085,111.305884839931,143.913168264756
2.88e-08,92.0651942918712,109.571894206498,143.843665136842
2.89e-08,92.233399590387,110.430973915836,143.836712976903
2.9e-08,92.2659200355147,110.81967334368,144.274044789768
2.91e-08,92.8762617680105,110.022724925353,143.975692392848
2.92e-08,91.323600454647,110.172591872934,143.965273590543
2.93e-08,91.9782583005353,110.945932778088,143.436397054583
2.94e-08,92.1574739237139,109.890854942529,142.744527040444
2.95e-08,92.3850637278559,110.086329759875,144.499134945508
2.96e-08,91.4877040918614,110.503393613047,143.34922392535
2.97e-08,90.9725233243533,110.584809083346,142.190013714044
2.98e-08,91.5914843203231,110.149897866498,143.122325302519
2.99e-08,92.5364792933036,110.295058819514,142.168913620383
3e-08,92.2388204608016,110.64357188739,143.125818774951
3.01e-08,91.5095623418668,109.252002269981,142.26735395023
3.02e-08,92.0597631976098,109.233694435371,142.965030689326
3.03e-08,90.785461391128,109.931797037982,143.164241345386
3.04e-08,91.4220979851152,109.608393839158,143.275957508579
3.05e-08,90.746900773525,109.87720418722,143.854092746783
3.06e-08,91.5860251348425,110.331319216259,142.80406156689
3.07e-08,90.9560333347931,110.104495821015,142.891567280928
3.08e-08,91.6296895116425,109.767937030811,141.795627577158
3.09e-08,90.8790404878925,109.192490584289,142.807562824943
3.1e-08,91.8422560698505,109.98181667894,143.041951888248
3.11e-08,90.6807587087801,108.797977922386,142.891567280928
3.12e-08,90.4599358832406,108.935760886864,142.565774293833
3.13e-08,90.7193474403338,109.74971526159,141.788574998129
3.14e-08,92.1303424502482,109.416634932719,142.863571283935
3.15e-08,91.0659101969557,108.926580778064,141.908421173657
3.16e-08,90.6531852722231,109.311481556148,142.618371888057
3.17e-08,90.6311204829776,109.836241741968,142.61135999632
3.18e-08,90.4765162901402,108.912809164028,142.600841512244
3.19e-08,89.8776946744853,109.758826524339,142.112631387924
3.2e-08,90.8570305479989,108.258948821795,143.090880212542
3.21e-08,90.6531852722231,108.899035808404,142.691975948194
3.22e-08,91.0768905925098,108.613995414956,142.677959054649
3.23e-08,90.7744457432817,109.822584198333,142.137257606864
3.24e-08,90.8680361843481,110.090871556183,142.565774293833
3.25e-08,91.1975876873944,109.88630487918,142.309521817762
3.26e-08,90.2164064901723,108.98164983152,142.140775289851
3.27e-08,89.044932477935,108.457364895151,142.186497249211
3.28e-08,89.6604706657287,108.963296572745,141.442567849993
3.29e-08,90.2164064901723,107.888831674089,141.654509282267
3.3e-08,89.7886407069402,107.828567643273,141.251548664077
3.31e-08,91.1098238391448,108.21275340735,141.541513345025
3.32e-08,90.2773504263389,108.729020964966,142.066885656018
3.33e-08,90.4046458983165,107.958325292679,141.046091757269
3.34e-08,89.4427190999916,108.802573498976,141.767415155952
3.35e-08,89.6270048590267,107.721864075962,141.439032802123
3.36e-08,89.4147638815872,108.101803870241,141.619207736804
3.37e-08,90.2330316458446,108.351280564652,141.301096952571
3.38e-08,90.2995016597545,109.110036201992,141.576834263237
3.39e-08,90.2108640907513,108.99541274751,141.587428820499
3.4e-08,90.3714556704715,108.480412978565,140.833234713969
3.41e-08,90.7744457432817,107.91663449163,140.406552553647
3.42e-08,90.8570305479989,107.70329614269,141.347090525415
3.43e-08,89.4203556244326,108.848518593502,140.804829462629
3.44e-08,90.5317623820502,108.041658632215,141.053181460044
3.45e-08,89.2972563968233,108.784190027779,141.746252155039
3.46e-08,90.0444334759234,108.037030688556,141.290480924937
3.47e-08,89.1795940784662,108.342050931298,140.858084610007
3.48e-08,89.6102672688794,107.624346687913,141.046091757269
3.49e-08,89.6771988857814,107.60576192751,140.779970166214
3.5e-08,89.5712007288057,108.706025591961,140.527577364729
3.51e-08,90.2441133814278,108.092552934973,139.835617780307
3.52e-08,89.9722179342046,107.949062061696,140.449279101033
3.53e-08,89.4650769853802,108.406641862941,140.75865870347
3.54e-08,89.0280854562199,107.582526462247,140.829684370874
3.55e-08,88.6510011223788,107.116758726168,140.644943030313
3.56e-08,89.1739872384318,108.171160666788,140.246212070059
3.57e-08,89.1066776397819,106.831643252362,141.834410493364
3.58e-08,88.9606654651369,107.865657185223,140.399430198274
3.59e-08,89.4594880378823,107.168092266308,140.128512444827
3.6e-08,89.291656945092,108.152669869957,139.924979899945
3.61e-08,88.6961103994984,106.798876398584,140.783521763025
3.62e-08,88.4251095560531,107.186752912848,140.096395385463
3.63e-08,87.7895210147544,107.37318100904,139.64956140282
3.64e-08,88.8875694346516,107.573230870882,139.867794720586
3.65e-08,87.8521485223896,106.545764814938,139.186924673261
3.66e-08,89.2636544176856,106.831643252362,140.296115413079
3.67e-08,88.6791971095815,107.135428313887,139.409468831927
3.68e-08,88.5324799155654,106.437775249204,140.687597178998
3.69e-08,89.1066776397819,107.046718772693,139.323364874668
3.7e-08,89.1291198206288,106.971958942519,140.182024525258
3.71e-08,89.6437393240599,106.817601545813,140.174890761506
3.72e-08,88.0511215147201,106.287346377638,139.928553197694
3.73e-08,89.4259470176302,106.498826284612,139.046754726603
3.74e-08,88.102213366067,106.709887077065,141.035456534873
3.75e-08,88.7242920512753,107.438354417778,138.924439894498
3.76e-08,88.9325587172662,107.233390322231,139.359247988786
3.77e-08,88.5268320906153,106.878435617294,140.149919728839
3.78e-08,88.6397202161649,106.22146675696,138.827230758234
3.79e-08,88.4420714366189,106.88779163216,140.053561182856
3.8e-08,87.3155198117723,105.806427025961,138.726349335662
3.81e-08,87.960218280766,106.578609486144,139.60659010233
3.82e-08,88.2383136738231,106.831643252362,139.803433434233
3.83e-08,88.3798619596116,107.33126291999,138.942434122913
3.84e-08,88.1419309976812,106.75204916066,139.638819817413
3.85e-08,88.2213126177569,106.282642044691,139.585099491314
3.86e-08,88.2609766544649,106.545764814938,138.75157656762
3.87e-08,87.1148666990887,106.240293674293,138.025359988663
3.88e-08,88.2949602185765,105.801701309573,139.724729378876
3.89e-08,88.5663593019381,106.470653233649,139.724729378876
3.9e-08,86.7352292900641,106.329676008159,139.150997121832
3.91e-08,88.7693640846886,106.367288204598,139.158183374173
3.92e-08,86.6256313108309,106.301458127346,138.423263940712
3.93e-08,88.0454428122206,106.230880632705,139.265932661222
3.94e-08,88.3515704444465,106.489436095793,138.740765458462
3.95e-08,88.2553114548921,105.536723466289,140.110670542968
3.96e-08,88.6397202161649,105.332805905853,138.863242076512
3.97e-08,86.8158971617526,105.759160359753,139.021581058482
3.98e-08,86.9827569119305,105.588825166303,138.56406460551
3.99e-08,88.0056816347672,106.367288204598,138.083308187485
4e-08,87.2926113711808,105.749704491313,138.318473097414
4.01e-08,87.9317917479224,105.924501414923,139.219251542306
4.02e-08,87.5099994286367,105.640901169954,138.448546399014
4.03e-08,87.0402205879558,105.834776893042,139.003597075759
4.04e-08,87.5956619930462,105.347045520983,138.39075113605
4.05e-08,87.6983466206747,105.574618161753,138.441323310636
4.06e-08,87.4814266001647,105.498815159223,137.51363568752
4.07e-08,86.8619594529159,105.161780129475,138.0181147531
4.08e-08,86.9885049877281,105.465634213236,138.304012956964
4.09e-08,87.5042856093346,105.90561835899,137.59723834438
4.1e-08,86.9885049877281,104.866581902911,137.375398088595
4.11e-08,87.6241975712189,104.942841585313,138.133992919918
4.12e-08,86.6775634175304,105.413471624836,138.141232077899
4.13e-08,86.9942526837262,105.204562638699,138.524366087703
4.14e-08,86.7698104181403,105.299572648705,137.306227098409
4.15e-08,87.4757109145162,105.830052442584,137.524543264103
4.16e-08,86.7467578644874,106.17909398747,137.978259157014
4.17e-08,87.561407023871,105.104709694666,138.112273169331
4.18e-08,87.5728268357257,104.814121186031,138.181040667669
4.19e-08,86.7064011477815,104.651803615609,137.196938741358
4.2e-08,86.9022439296017,105.640901169954,138.675881104105
4.21e-08,87.0746805908583,105.768615382825,138.354616836591
4.22e-08,86.8849814409832,105.517771015123,137.342637225299
4.23e-08,85.9592926913664,104.842739376649,137.568164921976
4.24e-08,85.7438044409041,104.297650980259,136.806432597301
4.25e-08,85.7671265695663,104.771179243149,138.206367436526
4.26e-08,87.1320836431679,104.417431494938,137.985506485283
4.27e-08,87.2868833216079,104.168133323008,137.942016804163
4.28e-08,86.3423418723398,104.076894650062,137.003649586425
4.29e-08,86.4002314811714,105.418214744891,137.10944533474
4.3e-08,87.1951833532105,105.147515424759,136.678454776164
4.31e-08,86.4233764672499,104.709120901667,136.674796506159
4.32e-08,86.596766683289,104.971424683101,136.682112948257
4.33e-08,86.8101376568428,104.158533015783,137.77155003846
4.34e-08,86.8158971617526,103.894176930182,137.557260804365
4.35e-08,86.9712596206356,104.158533015783,136.941593389299
4.36e-08,85.2408352845043,103.353761421634,136.425804010825
4.37e-08,85.7204759669474,104.441371113175,137.462722219517
4.38e-08,86.9195029898354,103.923048454133,136.758911958234
4.39e-08,86.0464990571958,104.273678366115,137.429982172741
4.4e-08,85.4751425854324,103.334408596556,135.856541984551
4.41e-08,86.4407311398972,104.560986988456,136.535709614738
4.42e-08,86.5909926031571,104.244903952184,136.198384718762
4.43e-08,85.5978971704329,103.633971264253,136.561341528267
4.44e-08,86.4233764672499,103.50362312499,136.352484392474
4.45e-08,85.6270985144306,103.855669079738,136.374484416991
4.46e-08,85.6679636737094,104.876117395716,136.422138965785
4.47e-08,86.2032481986613,104.076894650062,135.952197481321
4.48e-08,85.7671265695663,103.788245962633,136.543033509586
4.49e-08,84.6167832052247,104.163333279998,136.102902246793
4.5e-08,86.0406880493177,102.95630140987,136.378150742705
4.51e-08,84.3860177991591,103.874924789383,136.326813210021
4.52e-08,85.7846140050767,104.312031904282,135.661343056893
4.53e-08,85.9418407994616,103.213371226794,136.491757992928
4.54e-08,85.7204759669474,103.821962994349,136.224080103336
4.55e-08,85.9185660960424,103.648444271972,135.801325472176
4.56e-08,85.9360227145753,103.894176930182,136.180027904242
4.57e-08,85.9534757877772,103.691851174526,135.801325472176
4.58e-08,85.4809920391662,103.479466562212,135.690825039868
4.59e-08,84.8469209812589,104.148931823615,136.539371611268
4.6e-08,86.0929730001235,104.503588455134,135.712932324079
4.61e-08,85.2173691215588,104.091306073082,135.628168165761
4.62e-08,85.8254041645013,103.547090736534,136.205726751851
4.63e-08,84.7997641506154,103.754517973918,135.904378148756
4.64e-08,85.5160803591933,103.855669079738,135.676084849173
4.65e-08,85.146931829632,103.850854594462,136.139634199597
4.66e-08,85.3522114534826,104.216121593542,136.025732859632
4.67e-08,85.615419172016,103.087341608948,135.488006849315
4.68e-08,85.0940655980192,102.586548825857,135.410487038486
4.69e-08,85.3814968245462,103.242433136768,134.937022347464
4.7e-08,84.882271411644,103.218215446693,136.257109906236
4.71e-08,84.1902607193967,102.718060729358,134.929611279363
4.72e-08,85.3639268075222,103.547090736534,135.672399551272
4.73e-08,84.8587060943071,102.941731090943,135.59129765586
4.74e-08,85.609578903298,103.150375665821,136.128615654461
4.75e-08,85.1880273277883,103.397292034173,135.547039805375
4.76e-08,85.2232362680507,103.106740807767,135.779232579949
4.77e-08,84.7761758986568,103.271486868351,135.473244590952
4.78e-08,83.8927887246574,103.004854254545,134.988888431604
4.79e-08,84.8351342310484,102.893148459944,135.122166945324
4.8e-08,84.4452485341834,103.609845092057,135.273796427837
4.81e-08,84.5694980474639,102.581674776736,134.825813552153
4.82e-08,84.8763806956918,103.281169629318,134.506505418883
4.83e-08,84.2496290793022,102.645019362851,135.08885964431
4.84e-08,85.2349693494401,101.901913622856,134.201341274966
4.85e-08,84.7879708449259,102.591422643416,134.662541190934
4.86e-08,85.4751425854324,103.576059009792,135.373557240696
4.87e-08,84.3267454607374,102.591422643416,133.873074215841
4.88e-08,84.1783820229398,102.547549946354,134.929611279363
4.89e-08,84.8999411071645,101.818465908695,135.336617365737
4.9e-08,85.5511542879463,103.13583276437,135.451098186763
4.91e-08,84.6935652809586,102.30835742988,134.807269833641
4.92e-08,84.2080756222347,101.6267681273,134.383778783006
4.93e-08,84.5754101379355,102.049007834471,134.528807323933
4.94e-08,84.8469209812589,102.04410811017,134.406101051998
4.95e-08,84.7525810816402,102.254584249314,134.231143927183
4.96e-08,84.0713982279348,103.155222844023,134.636547786996
4.97e-08,84.5990543682375,101.508620323596,134.896256434343
4.98e-08,83.9523674472614,102.756994895725,134.354009988537
4.99e-08,83.6420946653059,102.410936915937,134.844354720544
5e-08,83.3066623986341,102.610915598683,135.144367252209
5.01e-08,83.8570211729465,101.548018198289,133.352915228727
5.02e-08,84.1902607193967,102.52804494381,133.701159306866
5.03e-08,83.4625664594613,102.664502141685,134.94813818649
5.04e-08,83.2586331859946,101.84792585026,134.409821069742
5.05e-08,83.7078252017098,102.19589032833,134.58454591817
5.06e-08,84.035706696618,102.083299319722,134.011193562329
5.07e-08,84.2911620515461,101.759520439122,133.558975737312
5.08e-08,84.5931439302264,102.362102362154,134.647688431699
5.09e-08,83.7317144217172,102.014704822393,134.137988653476
5.1e-08,84.5635855436606,102.518291050914,134.257215820976
5.11e-08,83.7257427557379,101.479061879779,134.547389420977
5.12e-08,83.7078252017098,101.400197238467,133.135269556943
5.13e-08,84.2911620515461,101.029698603925,134.253491574707
5.14e-08,83.8510584310061,101.479061879779,133.330416634765
5.15e-08,84.1724420460759,102.004901843,133.566462856512
5.16e-08,84.6049643933499,101.744778735815,133.210359957475
5.17e-08,83.240615086627,101.892099791888,133.581435835972
5.18e-08,82.7707677867011,100.682669809655,133.364163102387
5.19e-08,83.7436564761773,101.877377272876,133.880543769436
5.2e-08,83.683929162056,100.886074361133,134.294452603226
5.21e-08,83.2346081867393,101.429778664848,133.603892158874
5.22e-08,83.4505841801003,100.652868811574,133.779669606409
5.23e-08,82.1705543366966,101.666120217111,133.947751007622
5.24e-08,83.3726573883788,100.209779961838,133.787144374936
5.25e-08,83.0722577037605,101.207707216397,133.884278389959
5.26e-08,82.9095893126965,100.752171192486,133.048863204463
5.27e-08,83.3966426182733,101.089069636633,132.332913517386
5.28e-08,82.5711814133721,101.498768465435,132.947358003083
5.29e-08,83.6480723029527,100.856333464984,133.521533843796
5.3e-08,82.6559132790873,101.178060863015,132.604675634006
5.31e-08,83.3966426182733,101.469207151727,133.330416634765
5.32e-08,82.9638475481942,101.207707216397,132.781775857984
5.33e-08,84.2614977317636,102.386522550578,133.05262116922
5.34e-08,83.3246662159531,101.034647522521,132.857066052205
5.35e-08,82.5772365727989,100.558440719812,133.424135747623
5.36e-08,82.6740588092783,100.900941521871,133.719856416315
5.37e-08,83.4266144584568,101.410058672698,133.499063667128
5.38e-08,83.3246662159531,101.266973885863,133.540256102795
5.39e-08,82.7405583737504,101.345942197998,132.615986969897
5.4e-08,82.7103379270089,101.148405820359,133.757242794549
5.41e-08,83.3606621854697,100.468900660851,133.536511860989
5.42e-08,82.474238402061,101.301530097033,133.588921696374
5.43e-08,83.0842945447574,100.583298812477,132.559420638444
5.44e-08,83.0963296421689,99.503768772846,132.894695153719
5.45e-08,81.9634064689847,100.144895027156,132.687603038114
5.46e-08,83.1324244804637,101.587400793602,133.34541611919
5.47e-08,82.8070045346407,100.945529866359,132.540559829812
5.48e-08,83.4086326467471,101.365674663566,132.321577983336
5.49e-08,83.4445923951936,100.75713374248,132.890932723042
5.5e-08,83.5822947758675,100.508706090567,132.842011427108
5.51e-08,83.2706430862642,100.682669809655,133.517789076962
5.52e-08,82.5953993876172,100.712461989567,132.612216631802
5.53e-08,81.8413098624405,100.652868811574,132.261105393838
5.54e-08,82.0121942152507,100.667770413375,131.681433771052
5.55e-08,83.018070322069,100.965340587748,131.499049426222
5.56e-08,83.5763124336076,100.960388271837,132.230858728211
5.57e-08,82.6922003577121,100.354372102066,132.348026052526
5.58e-08,82.0304821392633,101.168176814649,131.609270190211
5.59e-08,82.951793229562,99.8048095033501,131.221187313635
5.6e-08,82.516664983505,99.5439601382223,131.244047484067
5.61e-08,82.6438140455775,100.154880060834,131.552270980018
5.62e-08,82.7042925125413,100.503731274018,131.958326755078
5.63e-08,82.951793229562,99.8649087517733,132.427338567231
5.64e-08,81.9695065252927,100.578327685441,131.704214055587
5.65e-08,82.2374610503024,100.304536288246,131.499049426222
5.66e-08,82.516664983505,99.9249718538864,131.483839311149
5.67e-08,82.7586853448023,100.439036235918,132.166561580454
5.68e-08,82.2435407798084,99.3830971543954,131.491444588612
5.69e-08,82.4378553820998,99.6192752432982,131.601671721905
5.7e-08,82.3103881657716,99.0353472251196,131.848397790796
5.71e-08,81.8046453448702,100.63299657667,132.238421043205
5.72e-08,82.0853214649245,100.493780902104,131.689027637081
5.73e-08,81.8474190185616,99.121138007995,131.381124976155
5.74e-08,82.5953993876172,99.9799979995999,131.502851680106
5.75e-08,81.5597940164147,99.025249305417,131.616868219845
5.76e-08,81.6945530620004,99.9399819891919,131.388736199113
5.77e-08,81.0740402348372,99.7045635866283,131.362094989384
5.78e-08,81.8474190185616,99.3428407083268,132.295124626722
5.79e-08,82.2192191643779,98.7623410010111,131.293564198707
5.8e-08,81.4186710773395,99.4635611668917,130.613934938046
5.81e-08,81.9145896650896,99.4233373006559,131.068684284233
5.82e-08,82.1888070238278,99.9749968742185,131.764942226679
5.83e-08,81.7557337438788,99.3176721434811,131.164019456557
5.84e-08,81.0123447383175,98.8888264668967,130.67134345372
5.85e-08,81.8107572388864,98.8584847142621,131.403957322449
5.86e-08,81.8413098624405,99.2219733728371,131.499049426222
5.87e-08,81.4923309275173,99.1866926558195,131.339255365637
5.88e-08,81.7373843476778,98.9545350148238,130.755497016378
5.89e-08,80.9691299199886,99.7897790357309,130.667517004036
5.9e-08,81.0925397308532,99.0151503558925,130.885446096959
5.91e-08,80.2745289615579,99.2421281513048,131.049608927307
5.92e-08,81.7312669668102,98.701570402907,130.705776459956
5.93e-08,81.6823114266486,99.1564420499243,130.862523283024
5.94e-08,81.9328993750374,99.8599018625594,131.160207380135
5.95e-08,80.9320702811932,98.8180145520036,131.270712651376
5.96e-08,80.7031597894407,98.4225583898326,130.977097234593
5.97e-08,81.9023809177731,99.9249718538864,130.529690109186
5.98e-08,81.8657437515839,98.964640149904,130.326513035529
5.99e-08,81.9023809177731,99.1110488290786,131.270712651376
6e-08,80.8393468553526,98.4682690007294,130.686648132087
6.01e-08,81.3326502703558,99.3981891183134,131.251666656085
6.02e-08,80.0062497558784,98.5951317256587,130.003846096952
6.03e-08,81.3879597975032,98.7319603775799,130.288142207954
6.04e-08,82.0121942152507,98.8180145520036,130.510535973154
6.05e-08,81.1295260678873,98.4733466477097,130.744024720061
6.06e-08,82.3164625090267,99.1362698511498,130.579477713766
6.07e-08,82.0060973342836,98.5494799580394,130.453056690903
6.08e-08,80.4300938703916,98.6610358753647,129.853763903862
6.09e-08,80.7403244977378,99.6142560078627,130.862523283024
6.1e-08,81.5291358963162,99.9499874937461,129.271033104868
6.11e-08,80.7712820252347,98.2903861015918,130.843417870369
6.12e-08,81.4984662432367,98.2903861015918,130.755497016378
6.13e-08,80.7279381626956,98.7927122818277,129.703508048163
6.14e-08,80.5357063668035,99.2118944481961,130.196006083136
6.15e-08,81.0185164021164,98.1682229644603,130.682822130531
6.16e-08,81.1664955508121,98.2852990024449,130.564160472926
6.17e-08,81.2096053432105,99.0201999594022,129.761319352109
6.18e-08,80,98.3005595101066,129.216871963378
6.19e-08,80.7279381626956,98.8230742286436,129.383151917087
6.2e-08,80.5108688314814,98.3158176490436,129.240086660448
6.21e-08,80.820789404707,99.1160935469109,129.444969002275
6.22e-08,80.4052237109008,99.0201999594022,130.034610777285
6.23e-08,80.8517161227886,98.0612053770501,129.953837957946
6.24e-08,80.7155499268883,97.6268405716379,129.236217833856
6.25e-08,81.1048703839665,97.4012320250622,129.996153789256
6.26e-08,81.890170350293,98.346326825154,129.437243481156
6.27e-08,80.7155499268883,98.2089608946149,129.87301490302
6.28e-08,81.0493676718085,99.065634808444,130.023074875193
6.29e-08,80.2683000941218,98.4835011562851,130.268952555857
6.3e-08,81.0987052917616,98.1376584191818,128.829344483312
6.31e-08,81.7801932010435,97.9897953870708,129.363828020046
6.32e-08,80.2059848141023,98.1376584191818,129.618671494503
6.33e-08,80.2558409089332,97.6268405716379,129.425654334834
6.34e-08,80.3430146310182,98.9292676612942,129.352232296161
6.35e-08,80.7836617144828,97.2933707916423,129.394744870107
6.36e-08,81.2219182240853,98.6813052203912,128.98061869909
6.37e-08,80.8702664766229,97.5704873412037,129.83065893694
6.38e-08,80.0812087820857,99.0201999594022,128.607931326182
6.39e-08,80.4300938703916,98.1478476585198,128.868149672446
6.4e-08,79.7496081495075,97.5038460779881,129.718926915081
6.41e-08,80.9197132965756,98.6204846875131,128.685663537163
6.42e-08,80.2433797892387,97.5243559322491,129.301972142733
6.43e-08,80.5357063668035,97.9030132324843,128.879788950789
6.44e-08,80.5853584716231,97.8161540850999,128.658462605458
6.45e-08,80.23714850367,97.4063652950874,128.569047597001
6.46e-08,80.1186619958172,97.4320275884681,129.379287368574
6.47e-08,80.0187478032492,97.4114982946059,127.980467259656
6.48e-08,80,97.2676719162127,129.541499142167
6.49e-08,81.0061726043145,96.9845348496347,128.93409169029
6.5e-08,80.0687204843439,97.7241014284603,127.902306468648
6.51e-08,80.6597793203031,97.1390755566471,127.812362469364
6.52e-08,80.0312438988674,96.8968523740581,128.323809170395
6.53e-08,79.5675813381304,97.1184843374319,128.774997573287
6.54e-08,80.3367910735797,97.4217634822938,129.1046087481
6.55e-08,79.8435971133566,98.1376584191818,128.666234887013
6.56e-08,80.4114419718985,97.3190628808149,128.428968694761
6.57e-08,80.1124210094789,97.9030132324843,128.607931326182
6.58e-08,79.9874990232849,97.0566844684074,128.421182053429
6.59e-08,79.454389431925,97.9438614717635,129.278768558491
6.6e-08,80.4176597520719,97.8468190591805,128.351081023885
6.61e-08,80.3367910735797,96.7315873952247,128.825463321503
6.62e-08,79.3347338811948,96.850400102426,128.992247829085
6.63e-08,78.8098978555359,97.2985097522053,128.401713384207
6.64e-08,80.2246844805263,96.7780966954817,127.906215642556
6.65e-08,80.2246844805263,97.6370831190691,127.847565483274
6.66e-08,79.1201617794099,97.8161540850999,127.659703900644
6.67e-08,80.1498596380555,97.144222679478,129.348366823861
6.68e-08,79.7496081495075,96.2288937897553,127.87102877509
6.69e-08,79.6868872525461,96.1405221537724,128.128841405829
6.7e-08,79.6994353806851,96.4416922290355,128.681778041804
6.71e-08,79.9437302106926,96.7677632272236,127.37739202857
6.72e-08,79.6492310069595,97.6729235765982,127.314571043538
6.73e-08,79.1643859320591,96.8916921103146,128.128841405829
6.74e-08,79.5612971236643,96.9432823871773,127.968746184371
6.75e-08,79.0948797331408,96.5246082613133,126.948808580467
6.76e-08,79.5424415013771,96.7367561994922,127.23993083934
6.77e-08,79.2148975887743,97.355020414974,127.114121953464
6.78e-08,79.573865056311,97,128.456218222397
6.79e-08,79.8999374217527,96.5867485734974,127.561749752816
6.8e-08,79.0253124005214,96.1873172512884,129.301972142733
6.81e-08,79.6868872525461,96.7780966954817,126.984250992003
6.82e-08,79.0253124005214,97.2111104761179,127.640119084871
6.83e-08,80.0187478032492,96.8865315717309,126.826653350153
6.84e-08,79.0189850605536,97.3909646733207,128.066389033189
6.85e-08,79.0379655608619,96.8142551487125,127.863208156217
6.86e-08,78.6320545324869,96.6695401871758,127.71061036578
6.87e-08,79.328431221095,96.1093127641645,127.80453826058
6.88e-08,78.4665533842286,97.3344748791506,127.322425361756
6.89e-08,79.3914353063352,96.6540221615221,127.455874717488
6.9e-08,79.4732659452221,97.4576831245233,127.569588852516
6.91e-08,78.5175139698144,96.5815717411971,127.502941142548
6.92e-08,78.7972080723676,96.6333275842243,127.714525407254
6.93e-08,79.227520471109,95.4986910905066,127.294933127757
6.94e-08,79.2653770570733,96.5815717411971,127.753669223236
6.95e-08,79.1012010022604,96.4157663455516,127.432334986062
6.96e-08,79.8435971133566,96.4157663455516,127.428411274723
6.97e-08,80.0062497558784,95.4148835350125,126.680700976905
6.98e-08,78.4538080656382,96.5660395791398,127.675369590223
6.99e-08,79.4229186066591,95.8801335001156,127.188835988069
7e-08,78.0768851837725,96.2704523724699,127.070846381064
7.01e-08,79.0063288604147,95.467271878901,126.826653350153
7.02e-08,79.6994353806851,96.8710483064987,127.039363978257
7.03e-08,78.1984654580894,96.1769203083567,127.070846381064
7.04e-08,78.6956161421969,96.1041102138717,127.078715763105
7.05e-08,78.4219357067906,96.1821189203066,127.71061036578
7.06e-08,78.3198569968051,96.1665222413705,126.475294030099
7.07e-08,78.5684415016615,96.0624796681826,126.66885963014
7.08e-08,78.7273777030583,95.8018788959799,127.125921825566
7.09e-08,78.3581520966389,96.8297474952816,127.302788657594
7.1e-08,78.3262408136635,96.8349110600098,126.384334472275
7.11e-08,79.5110055275369,95.8331884056875,127.149518284577
7.12e-08,79.6868872525461,95.5719624157629,126.838479965663
7.13e-08,78.7400787401181,95.1577637400123,127.448028623435
7.14e-08,78.7273777030583,96.5608616365865,126.162593505365
7.15e-08,78.6129760281342,95.4986910905066,126.336851314254
7.16e-08,79.6115569499806,94.8050631559307,126.854247071196
7.17e-08,78.63841300535,95.5719624157629,126.435754436789
7.18e-08,78.1856764375675,95.3362470417207,126.692541216916
7.19e-08,79.0885579587844,96.5660395791398,126.992125740142
7.2e-08,78.6701976608677,95.6294933584823,127.106254763485
7.21e-08,79.328431221095,96.150923032491,126.637277292273
7.22e-08,78.0320446995976,95.367709419908,126.952747114822
7.23e-08,78.1280999384984,95.5196314900764,126.542482984964
7.24e-08,78.9493508523028,96.2444803612134,126.751725826515
7.25e-08,78.4410606761535,95.5824251627882,126.78722333106
7.26e-08,79.1327997735452,94.8577882938454,126.692541216916
7.27e-08,76.8049477572897,95.5405672999695,126.309144562062
7.28e-08,77.1880819816116,95.1052049048841,125.721915352893
7.29e-08,77.4983870799903,95.2260468569393,126.222026603917
7.3e-08,77.8588466392869,94.8103369891701,125.319591445233
7.31e-08,77.1945593937811,95.6974398821619,125.147912487584
7.32e-08,77.5435361587283,95.9009906101079,126.269552941317
7.33e-08,78.7527777287887,95.3205119583398,126.095202129185
7.34e-08,77.7688883808943,95.4777460982401,126.435754436789
7.35e-08,77.6659513557904,94.9262871916942,126.873953197652
7.36e-08,78.2432105680742,95.168272023821,125.825275680207
7.37e-08,77.9422863405995,94.424573072903,125.179870586289
7.38e-08,79.1454357496375,95.1945376584182,126.007936257999
7.39e-08,76.9610290991486,95.4620343382645,125.514939349864
7.4e-08,77.272245987806,95.3729521405309,125.542821379799
7.41e-08,78.2368199762746,95.3047742770529,125.944432191344
7.42e-08,77.9422863405995,95.5039266208463,125.407336308527
7.43e-08,77.8652682522831,95.2102935611481,126.055543313255
7.44e-08,77.2269383052313,95.0473566176356,125.439228313953
7.45e-08,77.7110030819317,95.005263012109,125.427269762201
7.46e-08,77.4725757929863,95.5353337776134,126.015872016187
7.47e-08,77.987178433381,95.0420959364849,126.019839707881
7.48e-08,78.4028060722319,94.1541289588513,125.741798937346
7.49e-08,77.4983870799903,94.3504107039286,126.027774716528
7.5e-08,78.2496006379585,95.168272023821,125.099960031968
7.51e-08,77.175125526299,95.3257572747261,125.757703541374
7.52e-08,77.0194780558788,95.8697032435169,126.24579200908
7.53e-08,78.9620161849987,94.9104841416374,125.674181914982
7.54e-08,77.556431067965,94.5568612000208,125.17587627015
7.55e-08,77.3692445355388,95.4777460982401,125.62245022288
7.56e-08,78.1984654580894,94.7259204230817,125.542821379799
7.57e-08,77.0713954719908,95.3991614218909,124.691619606131
7.58e-08,78.2176450681047,95.0631369143687,125.191852770058
7.59e-08,77.0584193972339,94.7681381055891,126.087271363925
7.6e-08,77.607989279455,95.2785390316203,125.980157167706
7.61e-08,77.3045923603508,95.0473566176356,125.451185725763
7.62e-08,77.6015463763448,94.0638081304388,125.753727578947
7.63e-08,78.0064099930256,95.4515583948214,125.235777635626
7.64e-08,77.4596669241483,94.2974018730103,124.555208642594
7.65e-08,77.1686464828819,94.5991543302582,125.741798937346
7.66e-08,76.426435217142,94.0053189984482,124.241699923979
7.67e-08,77.4080099214545,94.8841398759561,124.294006291534
7.68e-08,76.9805170156709,94.4351629426243,124.619420637395
7.69e-08,77.2657750883274,94.0956959695819,125.187858836231
7.7e-08,76.6159252375118,94.3080060228187,124.519074843977
7.71e-08,76.9805170156709,94.5039681706541,125.015998976131
7.72e-08,76.4002617796562,94.0212741883453,124.991999743984
7.73e-08,76.6746372668303,94.175368329516,124.177292610203
7.74e-08,76.5179717452051,94.8841398759561,125.007999744016
7.75e-08,77.2657750883274,93.9042065085478,124.096736459909
7.76e-08,77.2398860693101,94.5039681706541,124.209500441794
7.77e-08,76.4787552199956,94.5885828205498,124.815864376288
7.78e-08,77.5822144566653,93.2040771640383,124.261820363296
7.79e-08,75.7825837511496,93.9255023941847,125.131930377502
7.8e-08,76.5702292016943,93.7496666660741,124.851912280109
7.81e-08,77.1945593937811,95.1104620953973,123.753787820818
7.82e-08,76.7007170761786,94.1275730060007,125.159897730863
7.83e-08,76.6289762426721,94.4139820153774,124.627444810523
7.84e-08,76.7267880208731,94.355709949107,124.173266043863
7.85e-08,76.524505878836,93.5574689696125,124.07658925035
7.86e-08,76.9610290991486,93.8296328459192,123.99193522161
7.87e-08,77.5886589650833,93.669632218772,124.052408279727
7.88e-08,76.7723908706769,93.1718841711382,123.858790564094
7.89e-08,76.7137536560427,93.936148526539,124.647502983413
7.9e-08,76.954532030284,92.9085571946955,123.515181253156
7.91e-08,77.1492060879436,93.1987124374581,124.639480101611
7.92e-08,76.4591394144611,93.3113069247238,124.12090879461
7.93e-08,76.2102355330306,93.9308256111911,123.563748729148
7.94e-08,76.6355009117837,93.7976545548981,124.277914369368
7.95e-08,76.6550715869472,93.1987124374581,123.93143265532
7.96e-08,76.197112806195,93.7763296360014,124.551194293752
7.97e-08,76.8309833335484,94.7892398956759,124.07658925035
7.98e-08,76.5702292016943,92.2496612459905,123.725502625772
7.99e-08,76.2823701781742,93.0161276338679,123.405834546021
8e-08,76.9480344128425,94.0850678907126,123.563748729148
8.01e-08,76.6811580507233,93.407708461347,123.725502625772
8.02e-08,77.2463591375024,93.9148550549912,124.108823215757
8.03e-08,76.1183289359403,94.1806774237688,124.189371525908
8.04e-08,77.3045923603508,93.6536171218176,123.304501134387
8.05e-08,76.2102355330306,93.1396800509858,124.607383408849
8.06e-08,76.4525996941896,93.4719209174606,123.729543763808
8.07e-08,77.3110600108419,93.4344690143846,123.065023463208
8.08e-08,76.197112806195,93.3595201358705,124.19339757008
8.09e-08,76.8765243751303,93.1289428695505,123.685083983478
8.1e-08,75.5049667240507,93.1987124374581,123.80226169178
8.11e-08,76.5506368360186,94.1169485268195,123.519229272207
8.12e-08,76.2561472931855,93.1557835026897,122.906468503493
8.13e-08,76.6615940350838,93.1343116150004,123.069086288962
8.14e-08,76.2102355330306,94.0478601564119,122.865780427261
8.15e-08,76.2364742101837,93.4505216678858,123.753787820818
8.16e-08,76.7789033524184,92.9946235005014,123.19496742968
8.17e-08,76.3413387359693,93.7283308290508,123.130012588321
8.18e-08,77.4983870799903,93.0268778364619,123.907223356833
8.19e-08,75.2462623656484,92.8062497895481,124.181319045982
8.2e-08,75.9670981412348,92.7631392310545,123.146254510643
8.21e-08,75.1731334986111,93.2094415818484,123.304501134387
8.22e-08,75.6637297521078,93.0537479094743,122.343777937417
8.23e-08,74.933303677337,92.4716172671377,123.47064428438
8.24e-08,76.0657610229465,92.5904962725657,122.991869649989
8.25e-08,75.7693869580585,92.3417565351667,123.919328597277
8.26e-08,75.4320886625844,92.7577490024418,123.243661094597
8.27e-08,77.0778826901725,92.7900856772964,123.312610871719
8.28e-08,75.1930847884298,92.9139386744529,123.717419953699
8.29e-08,75.953933407033,93.1235738145825,122.922739962954
8.3e-08,75.17978451685,92.9623579735368,123.207142650092
8.31e-08,76.2692598626734,92.7146158919941,122.609135059342
8.32e-08,75.6306816047561,93.3541643420367,122.837290754884
8.33e-08,75.7627876995032,92.7954740275624,122.249744376011
8.34e-08,75.8419409034342,92.854725243253,123.27205684988
8.35e-08,75.8485332752058,92.1574739237139,122.97560733739
8.36e-08,75.8221603490694,92.8062497895481,121.950809755409
8.37e-08,75.9605160593318,92.7577490024418,122.987804273432
8.38e-08,75.914425506619,91.7442096265481,123.494939167563
8.39e-08,74.5788173679363,92.8601098427091,122.825078872354
8.4e-08,75.7561878660747,91.989129792601,122.315166680179
8.41e-08,75.5115885146114,92.097774131626,122.670289801565
8.42e-08,76.2036744520892,92.379651439048,122.784363825367
8.43e-08,75.8683069535626,91.6351460958076,122.621368447755
8.44e-08,75.3259583410659,92.3309265630969,122.959342873976
8.45e-08,75.1731334986111,93.4665715643834,122.922739962954
8.46e-08,75.5777745107647,91.71150418568,122.772146678308
8.47e-08,76.1839878189636,92.82779756086,122.698818250218
8.48e-08,74.9599893276406,92.9731143933557,121.913904047077
8.49e-08,75.914425506619,91.7551088495894,122.543869695713
8.5e-08,75.1731334986111,93.2469838654313,121.679907955258
8.51e-08,75.914425506619,93.1826164045634,122.311078811365
8.52e-08,75.2529069205968,92.736184954957,121.675798744039
8.53e-08,75.2063827078527,92.1411959983155,121.23118410706
8.54e-08,75.5115885146114,92,122.032782480774
8.55e-08,74.8665479369792,91.5860251348425,122.731414071541
8.56e-08,75.657121277511,91.9782583005353,122.245654319489
8.57e-08,75.3724087448451,92.3850637278559,121.803119828681
8.58e-08,75.4122006044115,92.2605007573664,121.326007104825
8.59e-08,76.2758153020995,92.4121204171834,122.143358394961
8.6e-08,74.7261667690776,92.2496612459905,122.625445972685
8.61e-08,75.3193202306022,92.2659200355147,122.262013724623
8.62e-08,74.6659226153404,91.9130023446085,122.812865775537
8.63e-08,75.2263251794211,91.8422560698505,121.478393140509
8.64e-08,75.0333259292163,92.568893263342,121.852369693823
8.65e-08,75.4387168501692,92.3850637278559,122.462239078011
8.66e-08,75.2529069205968,91.498633869583,122.00409829182
8.67e-08,74.8331477354788,91.9673855233473,122.200654662731
8.68e-08,75.690157880665,91.700599779936,122.625445972685
8.69e-08,76.4198926981712,91.0109883475616,121.803119828681
8.7e-08,75.538069872085,92.3417565351667,120.987602670687
8.71e-08,75.1332150250473,91.4002188181188,122.155638429014
8.72e-08,74.5788173679363,90.9560333347931,122.14745187682
8.73e-08,74.9399759807808,90.785461391128,122.135171019653
8.74e-08,74.3505211817644,91.498633869583,121.716884613434
8.75e-08,74.8064168370602,92.9731143933557,122.024587686253
8.76e-08,74.3168890629849,92.1574739237139,121.68401702771
8.77e-08,74.6458304260861,92.4608025057105,121.782593173245
8.78e-08,76.223356000638,91.9401979549751,122.351951353462
8.79e-08,74.3975806058235,91.3126497260922,120.818045009841
8.8e-08,74.7596147662627,91.5423399307665,122.139264775911
8.81e-08,74.9199572877614,92.0489000477464,121.589473228565
8.82e-08,75.6637297521078,91.438503924769,121.531888819355
8.83e-08,73.9324015570981,90.8405195934061,121.115647213727
8.84e-08,74.3168890629849,90.6421535489973,121.433109158911
8.85e-08,75.2462623656484,91.4056891008432,121.346610995116
8.86e-08,75.4585979196539,91.8585869693193,122.118794622286
8.87e-08,75.3724087448451,90.7799537342909,121.132159231147
8.88e-08,74.6793144049944,91.4056891008432,121.971308101537
8.89e-08,75.0799573787839,91.1372591205156,121.420756051015
8.9e-08,74.5587017054348,90.9175450614457,120.888378266895
8.91e-08,74.8665479369792,91.4220979851152,122.653984851696
8.92e-08,74.752926364123,91.706052144883,121.210560596014
8.93e-08,74.6793144049944,91.4877040918614,121.033053336682
8.94e-08,75.4055700860354,91.0274683818022,121.198184804889
8.95e-08,74.5318723768563,91.214034007931,121.033053336682
8.96e-08,74.7596147662627,91.8477000256403,121.082616423663
8.97e-08,75.5976190101249,91.0604195026577,121.663470277647
8.98e-08,74.4916102658548,92.3525852372309,121.251804110289
8.99e-08,73.4778878302854,90.8295106229247,121.441343866082
9e-08,74.0135122798533,91.9510739469638,121.103261723209
9.01e-08,74.8665479369792,91.1153115562911,120.511410248159
9.02e-08,74.7596147662627,91.1537163257758,121.202310209006
9.03e-08,74.3236167042482,91.427566958768,120.540449642433
9.04e-08,73.280283842245,90.9725233243533,120.991735254934
9.05e-08,74.4043009509531,91.6296895116425,120.349491066643
9.06e-08,74.3437959751854,90.9890103254234,120.581922359863
9.07e-08,74.7328575661335,90.5704145954958,120.208152801713
9.08e-08,75.683551713698,90.9780193233508,121.507201432672
9.09e-08,74.9132832013122,90.3382532485547,120.685541801825
9.1e-08,74.799732619843,91.1646861454588,120.581922359863
9.11e-08,74.0135122798533,90.8295106229247,120.445008198763
9.12e-08,73.4642770331268,90.8019823572151,119.753914341035
9.13e-08,75.1065909225016,91.5641851380768,120.474063598768
9.14e-08,74.6190324247105,90.6366371838673,120.233106921513
9.15e-08,74.6726188103779,90.5869747811461,120.900785770813
9.16e-08,73.4506637138154,91.1098238391448,120.349491066643
9.17e-08,74.5385806143369,91.3838060052217,120.65653732807
9.18e-08,74.6659226153404,90.3935838431025,120.424250049564
9.19e-08,74.6324326281812,90.8019823572151,119.716331383817
9.2e-08,74.0405294416511,90.37698822156,120.602653370479
9.21e-08,74.0877857679658,90.7909687138539,120.179033113102
9.22e-08,73.6478105580879,90.9175450614457,119.632771429905
9.23e-08,74.5117440407886,90.1165911472466,120.706255016051
9.24e-08,73.4642770331268,91.3016976841066,120.979337078693
9.25e-08,73.7427962583465,90.1276871998833,120.395182627878
9.26e-08,73.6342311700204,90.9560333347931,120.540449642433
9.27e-08,73.7088868454815,91.3947482079797,120.278842694798
9.28e-08,74.3975806058235,90.3493220782536,120.40348832156
9.29e-08,73.7563556583431,89.9499861033897,120.594361393889
9.3e-08,73.6410211770586,91.4330356052997,120.058319161981
9.31e-08,75.0533143838432,90.5593727893474,120.287156421623
9.32e-08,74.2159012611179,90.6200860736735,119.532422379871
9.33e-08,73.7021030907531,90.37698822156,120.020831525198
9.34e-08,73.2120208708925,89.9555445761961,119.816526406001
9.35e-08,74,89.7050723203543,120.395182627878
9.36e-08,72.9725975966321,89.8610037780571,119.94165248153
9.37e-08,73.4574706888278,90.8129946648606,120.399335546339
9.38e-08,73.24616030892,90.0721932674008,119.59515040335
9.39e-08,74.128267212987,90.7909687138539,119.297946336054
9.4e-08,73.8985791473693,90.5593727893474,119.687092035858
9.41e-08,73.5459040327876,89.3196506934504,119.373363863133
9.42e-08,73.5798885565886,90.13323471395,120.282999630039
9.43e-08,74.706090782479,90.7138357694128,120.415945787923
9.44e-08,74.0945342113708,89.7830719011106,120.012499349026
9.45e-08,73.1983606373804,90.3493220782536,119.302137449419
9.46e-08,73.3689307541005,90.3880523078133,119.436175424366
9.47e-08,72.8354309385206,90.13323471395,119.795659353751
9.48e-08,73.8985791473693,90.2607334337584,118.953772533703
9.49e-08,73.3621155638249,90.3548559846121,118.899116901683
9.5e-08,73.0684610485263,90.3271830624646,118.966381805954
9.51e-08,73.307571232445,89.6214260096323,119.406867474195
9.52e-08,73.6885337077622,89.6214260096323,118.915936694793
9.53e-08,74.3236167042482,90.4378239455152,119.490585403202
9.54e-08,72.9725975966321,89.7385090136893,119.025207414228
9.55e-08,73.3621155638249,88.994381845148,119.6411300515
9.56e-08,73.9121099685295,89.9555445761961,119.720507850577
9.57e-08,73.7088868454815,90.0444334759234,118.823398369176
9.58e-08,73.5459040327876,89.9333086236685,118.844436133965
9.59e-08,72.5603197346869,90.27181176868,118.633890604667
9.6e-08,72.759879054325,89.7830719011106,120.029163122968
9.61e-08,74.2428447730823,89.8164795569276,119.230868486311
9.62e-08,73.4846922834953,89.6046873773911,119.674558699834
9.63e-08,73.1846978541279,89.7106459680232,118.410303605725
9.64e-08,72.9246186140181,89.8554394569411,118.962178863704
9.65e-08,73.4438561079142,89.1571646027396,118.600168633944
9.66e-08,72.242646684628,88.3345911860127,119.448733773113
9.67e-08,74.1012820401914,90.1665126307988,119.184730565622
9.68e-08,73.1641988953614,89.1010662113535,118.852850197208
9.69e-08,72.9725975966321,89.196412483911,118.676029593174
9.7e-08,72.7530068107154,89.7217922246318,118.444079632542
9.71e-08,72.4913787977577,89.4650769853802,118.911731969558
9.72e-08,73.0547739713155,89.0617763128493,118.928549978548
9.73e-08,71.9861097712607,90.8460235783603,118.304691369362
9.74e-08,72.587877775838,90.1665126307988,118.730787919562
9.75e-08,71.9444229944198,89.8387444257766,118.974787245029
9.76e-08,72.525857457875,89.0561620551885,118.743420870379
9.77e-08,73.2188500319419,89.6827742657418,118.574870862253
9.78e-08,72.131823767322,89.7775027498538,119.958326097024
9.79e-08,73.3007503372237,88.8931943401743,118.785521003193
9.8e-08,73.0547739713155,89.1235098052136,118.372294055662
9.81e-08,72.7048829171741,89.7050723203543,118.342722632192
9.82e-08,73.4710827468876,90.0166651237425,118.008474271978
9.83e-08,72.1387551874857,89.1291198206288,118.198984767214
9.84e-08,73.5459040327876,90.6366371838673,119.197315406011
9.85e-08,73.2666363360568,89.6046873773911,119.021006549264
9.86e-08,73.0821455623739,89.8943824718764,117.877054595031
9.87e-08,72.5396443332885,90.2164064901723,117.222011584856
9.88e-08,72.642962494656,89.7719332531053,118.304691369362
9.89e-08,72.6223106214612,90.1554213566772,118.304691369362
9.9e-08,73.3621155638249,88.9494238317483,118.067777145164
9.91e-08,72.4499827467198,88.8144132446981,118.452522134398
9.92e-08,73.2325064435186,88.9044430835715,118.334272296744
9.93e-08,73.1163456417236,88.7017474461467,119.440361687329
9.94e-08,72.4499827467198,89.6827742657418,118.22859214251
9.95e-08,73.4506637138154,89.162772500635,118.135515404979
9.96e-08,72.8422954058972,89.7607932228765,118.4229707447
9.97e-08,72.759879054325,88.5494212290515,118.012711179771
9.98e-08,73.3621155638249,89.2860571421989,116.74759098157
9.99e-08,72.1664742106749,88.7975224879613,118.638105177047
1e-07,72.3394774656273,88.102213366067,118.368070018903
